<?xml version="1.0" encoding="UTF-8"?>
<beans xmlns="http://www.springframework.org/schema/beans"
	xmlns:context="http://www.springframework.org/schema/context"
	xmlns:xsi="http://www.w3.org/2001/XMLSchema-instance"
	xmlns:tx="http://www.springframework.org/schema/tx"
	xmlns:mvc="http://www.springframework.org/schema/mvc"
	xsi:schemaLocation="http://www.springframework.org/schema/beans 
  http://www.springframework.org/schema/beans/spring-beans.xsd
  http://www.springframework.org/schema/aop 
  http://www.springframework.org/schema/aop/spring-aop.xsd
  http://www.springframework.org/schema/context 
  http://www.springframework.org/schema/context/spring-context.xsd
  http://www.springframework.org/schema/tx 
  http://www.springframework.org/schema/tx/spring-tx.xsd
  http://www.springframework.org/schema/mvc 
  http://www.springframework.org/schema/mvc/spring-mvc.xsd
  ">
  <context:component-scan base-package="com.controllers"/>
   
   <mvc:annotation-driven/>
   <mvc:resources location="/WEB-INF/resources" mapping="/resources/**"/>
   
   <tx:annotation-driven/>
   <bean
		class="org.springframework.web.servlet.view.InternalResourceViewResolver" 
		 name="ViewResolver">
		<property name="prefix" value="/views/" />
		<property name="suffix" value=".jsp" />
	</bean>
	
		<bean
		class="org.springframework.jdbc.datasource.DriverManagerDataSource"
		name="ds">

		<property name="driverClassName"
			value="com.mysql.cj.jdbc.Driver" />
		<property name="url"
			value="jdbc:mysql://localhost:3306/mangement" />
		<property name="username" value="root" />
		<property name="password" value="1234" />

	</bean>


	<bean
		class="org.springframework.orm.hibernate5.LocalSessionFactoryBean"
		name="factory">

		<!-- data source -->
		<property name="dataSource" ref="ds"></property>

		<!-- hibernate properties -->
		<property name="hibernateProperties">
			<props>
				<prop key="hibernate.dialect">org.hibernate.dialect.MySQL5Dialect</prop>
				<prop key="hibernate.show_sql">true</prop>
				<prop key="hibernate.hbm2ddl.auto">update</prop>
			</props>
		</property>
		    <property name="annotatedClasses">
			<list>
				<value>com.controllers.model.Office</value>
			</list>
		</property>
		</bean>
		
	<bean class="org.springframework.orm.hibernate5.HibernateTemplate"
		name="hibernateTemplate">
		<property name="sessionFactory" ref="factory"></property>
	</bean>
	
	<bean  class="org.springframework.orm.hibernate5.HibernateTransactionManager"
	name="transactionManager">
    <property name="sessionFactory" ref="factory" ></property>
	</bean>
  </beans>